<?xml version="1.0" encoding="UTF-8"?>
<project-private xmlns="http://www.netbeans.org/ns/project-private/1">
    <editor-bookmarks xmlns="http://www.netbeans.org/ns/editor-bookmarks/2" lastBookmarkId="0"/>
    <open-files xmlns="http://www.netbeans.org/ns/projectui-open-files/2">
        <group>
            <file>file:/C:/Users/pc/Desktop/Lab%2012/Lab12/src/lab12/Runner.java</file>
            <file>file:/C:/Users/pc/Desktop/Lab%2012/Lab12/src/lab12/HumanResource.java</file>
            <file>file:/C:/Users/pc/Desktop/Lab%2012/Lab12/src/lab12/Student.java</file>
            <file>file:/C:/Users/pc/Desktop/Lab%2012/Lab12/src/lab12/Teacher.java</file>
            <file>file:/C:/Users/pc/Desktop/Lab%2012/Lab12/src/lab12/Person.java</file>
            <file>file:/C:/Users/pc/Desktop/Lab%2012/Lab12/src/lab12/Association.java</file>
        </group>
    </open-files>
</project-private>
